Model,MAE,RMSE,R2,Adjusted_R2
"ARIMA(1,1,1)",66.07073041156771,66.07073041156771,0.24183600871703403,
Exponential Smoothing,70.27878216733527,70.27878216733527,-0.0723622415285794,
Linear Regression,75.16795673054078,75.16795673054078,-0.03698510415204259,-0.08412079070440814
Naïve Forecast,57.541666666666664,57.541666666666664,0.39217038785534275,
Prophet,78.13375148942426,78.13375148942426,-0.18707769476701253,
