Model,MAE,RMSE
"ARIMA(1,1,1)",66.06887569406486,66.06887569406486
Exponential Smoothing,71.5171910178337,71.5171910178337
Linear Regression,75.16795673053987,75.16795673053987
Naïve Forecast,57.541666666666664,57.541666666666664
Prophet,78.13374947652923,78.13374947652923
