Model,MAE,RMSE
"ARIMA(1,1,1)",88.52173913043478,88.52173913043478
Exponential Smoothing,87.65217391304348,87.65217391304348
Linear Regression,89.20833333333333,89.20833333333333
Naïve Forecast,76.75,76.75
Prophet,88.56521739130434,88.56521739130434
