Model,MAE,RMSE,R2,Adjusted_R2
"ARIMA(1,1,1)",88.65875671263632,88.65875671263632,-0.2694855585427165,
Exponential Smoothing,87.55207674393563,87.55207674393563,-0.13776200729202004,
Linear Regression,89.35962282890252,89.35962282890252,-0.004437919938885315,-0.050094189027016345
Naïve Forecast,76.75,76.75,0.029603543014637523,
Prophet,88.5736897364361,88.5736897364361,0.01288517626968555,
