Model,MAE,RMSE,R2,Adjusted_R2
"ARIMA(1,1,1)",56.72212848711887,56.72212848711887,0.5822599114470273,
Exponential Smoothing,63.3690537982543,63.3690537982543,0.4390339258321393,
Linear Regression,77.30647946966019,77.30647946966019,0.19542939648743285,0.1588580054186799
Naïve Forecast,49.125,49.125,0.6998201114753724,
Prophet,80.5861135883558,80.5861135883558,0.03356683015887274,
