Model,MAE,RMSE
"ARIMA(1,1,1)",56.81924750146871,56.81924750146871
Exponential Smoothing,63.367304689032146,63.367304689032146
Linear Regression,77.30647946966019,77.30647946966019
Naïve Forecast,49.125,49.125
Prophet,80.58611352943338,80.58611352943338
