Model,MAE,RMSE
"ARIMA(1,1,1)",54.07508402662325,54.07508402662325
Exponential Smoothing,55.36304075499084,55.36304075499084
Linear Regression,54.46159842909054,54.46159842909054
Naïve Forecast,40.75,40.75
Prophet,56.896749062264284,56.896749062264284
