Model,MAE,RMSE,R2,Adjusted_R2
"ARIMA(1,1,1)",54.07507951446164,54.07507951446164,0.6873127700601547,
Exponential Smoothing,54.32938992591471,54.32938992591471,0.6869182850042728,
Linear Regression,54.46159842909054,54.46159842909054,0.7333924948188733,0.7212739718560948
Naïve Forecast,40.75,40.75,0.7837563871369349,
Prophet,56.896749061338845,56.896749061338845,0.7149651347483568,
