Model,MAE,RMSE,R2,Adjusted_R2
"ARIMA(1,1,1)",42.50946940477037,42.50946940477037,0.585728507391275,
Exponential Smoothing,53.62557013532104,53.62557013532104,0.43192391234550986,
Linear Regression,50.02453657491029,50.02453657491029,0.5009289004023786,0.4782438504206685
Naïve Forecast,38.708333333333336,38.708333333333336,0.601982377551999,
Prophet,52.24971378115824,52.24971378115824,0.4859437034977969,
