Model,MAE,RMSE
"ARIMA(1,1,1)",42.50884911428324,42.50884911428324
Exponential Smoothing,53.76063473816193,53.76063473816193
Linear Regression,50.02453657491029,50.02453657491029
Naïve Forecast,38.708333333333336,38.708333333333336
Prophet,52.249713781166676,52.249713781166676
