Model,MAE,RMSE
"ARIMA(1,1,1)",32.266843376765,32.266843376765
Exponential Smoothing,36.403852189271404,36.403852189271404
Linear Regression,54.33553726338209,54.33553726338209
Naïve Forecast,28.791666666666668,28.791666666666668
Prophet,56.504788533223646,56.504788533223646
