Model,MAE,RMSE,R2,Adjusted_R2
"ARIMA(1,1,1)",32.266763093164904,32.266763093164904,0.44329411201722524,
Exponential Smoothing,36.43060889695544,36.43060889695544,0.3402142242828148,
Linear Regression,54.335537263381944,54.335537263381944,-0.2121510826317461,-0.2672488591150073
Naïve Forecast,28.791666666666668,28.791666666666668,0.5066153608087894,
Prophet,56.504789620618645,56.504789620618645,-0.2252386067975789,
