Model,MAE,RMSE
"ARIMA(1,1,1)",51.08695652173913,51.08695652173913
Exponential Smoothing,63.34782608695652,63.34782608695652
Linear Regression,58.833333333333336,58.833333333333336
Naïve Forecast,42.458333333333336,42.458333333333336
Prophet,61.65217391304348,61.65217391304348
