Model,RMSE,R2,Adjusted_R2
"ARIMA(1,1,1)",51.06428033396818,0.6201997774798387,
Exponential Smoothing,63.47070509904377,0.4040174511648995,
Linear Regression,59.085627334958495,0.5835513676259905,0.5646218843362627
Naïve Forecast,42.458333333333336,0.7356753722449894,
Prophet,61.689456402392814,0.5109999701296379,
