Model,MAE,RMSE
"ARIMA(1,1,1)",87.0,87.0
Exponential Smoothing,104.52173913043478,104.52173913043478
Linear Regression,117.29166666666667,117.29166666666667
Naïve Forecast,87.54166666666667,87.54166666666667
Prophet,122.56521739130434,122.56521739130434
