Model,MAE,RMSE,R2,Adjusted_R2
"ARIMA(1,1,1)",86.9814887765672,86.9814887765672,0.7806053762644389,
Exponential Smoothing,104.89992684370843,104.89992684370843,0.6388564395225622,
Linear Regression,117.64895510186822,117.64895510186822,0.5731685112058352,0.5537670798970096
Naïve Forecast,87.54166666666667,87.54166666666667,0.8034885590050348,
Prophet,122.66721790002258,122.66721790002258,0.44103376785133896,
