Model,MAE,RMSE,R2,Adjusted_R2
"ARIMA(1,1,1)",18.751074827155712,18.751074827155712,0.8229969406612396,
Exponential Smoothing,25.613278696593255,25.613278696593255,0.7716258974486061,
Linear Regression,30.870392172218242,30.870392172218242,0.7535233325713074,0.742319847688185
Naïve Forecast,17.625,17.625,0.8310106595256135,
Prophet,32.25423711414205,32.25423711414205,0.7380971006156447,
