Model,MAE,RMSE
"ARIMA(1,1,1)",18.751076772359003,18.751076772359003
Exponential Smoothing,25.62112220150661,25.62112220150661
Linear Regression,30.870392172218544,30.870392172218544
Naïve Forecast,17.625,17.625
Prophet,32.25423712082433,32.25423712082433
