Model,MAE,RMSE,R2,Adjusted_R2
"ARIMA(1,1,1)",76.87976083440581,76.87976083440581,0.47463505659812366,
Exponential Smoothing,72.20789750968581,72.20789750968581,0.5488323657724732,
Linear Regression,86.14882753591193,86.14882753591193,0.428416301697778,0.40243522450222247
Naïve Forecast,57.375,57.375,0.6271880824863376,
Prophet,89.99085240791122,89.99085240791122,0.42130852401328434,
