Model,MAE,RMSE,R2,Adjusted_R2
"ARIMA(1,1,1)",57.40173126656749,57.40173126656749,0.8415786012584003,
Exponential Smoothing,69.19292420401162,69.19292420401162,0.8028194815320041,
Linear Regression,98.12470400972772,98.12470400972772,0.7543320779898721,0.743165354262139
Naïve Forecast,53.5,53.5,0.861823666893982,
Prophet,102.53803915397204,102.53803915397204,0.7278015288525357,
