Model,MAE,RMSE
"ARIMA(1,1,1)",57.391304347826086,57.391304347826086
Exponential Smoothing,69.78260869565217,69.78260869565217
Linear Regression,98.04166666666667,98.04166666666667
Naïve Forecast,53.5,53.5
Prophet,102.56521739130434,102.56521739130434
