Model,MAE,RMSE
"ARIMA(1,1,1)",2.679165463041295,2.679165463041295
Exponential Smoothing,5.04013627283119,5.04013627283119
Linear Regression,7.212340799297323,7.212340799297323
Naïve Forecast,2.5,2.5
Prophet,7.526462954235813,7.526462954235813
