Model,MAE,RMSE,R2,Adjusted_R2
"ARIMA(1,1,1)",2.679165446474593,2.679165446474593,0.7594827928005813,
Exponential Smoothing,5.040073185741781,5.040073185741781,0.5312056301621473,
Linear Regression,7.212340799297323,7.212340799297323,0.28690146215708034,0.25448789225512947
Naïve Forecast,2.5,2.5,0.7616698055940355,
Prophet,7.526462954233696,7.526462954233696,0.28055699714361726,
