Model,MAE,RMSE,R2,Adjusted_R2
"ARIMA(1,1,1)",82.56177887344829,82.56177887344829,0.18969818209212286,
Exponential Smoothing,84.60995222684035,84.60995222684035,0.11362292340535218,
Linear Regression,74.45077111496282,74.45077111496282,0.37630956667795945,0.3479600015269576
Naïve Forecast,69.70833333333333,69.70833333333333,0.4211335894834265,
Prophet,77.43774155949819,77.43774155949819,0.22987395434489433,
