Model,MAE,RMSE
"ARIMA(1,1,1)",82.55995832100066,82.55995832100066
Exponential Smoothing,85.51565245860773,85.51565245860773
Linear Regression,74.45077111496282,74.45077111496282
Naïve Forecast,69.70833333333333,69.70833333333333
Prophet,77.43774181687026,77.43774181687026
