Model,MAE,RMSE,R2,Adjusted_R2
"ARIMA(1,1,1)",20.763553415106998,20.763553415106998,0.4209681969633873,
Exponential Smoothing,26.80333161927131,26.80333161927131,0.2739143762905689,
Linear Regression,28.881271958717548,28.881271958717548,0.23694263629650802,0.20225821067362204
Naïve Forecast,19.041666666666668,19.041666666666668,0.43205687921378066,
Prophet,30.13208885925975,30.13208885925975,0.2307024592424145,
