Model,MAE,RMSE
"ARIMA(1,1,1)",20.763554602819898,20.763554602819898
Exponential Smoothing,26.77964023818576,26.77964023818576
Linear Regression,28.881271958717623,28.881271958717623
Naïve Forecast,19.041666666666668,19.041666666666668
Prophet,30.132088859253532,30.132088859253532
